id,sentence,ambiguity,reduction,crit,distractor,subject
1,The kindergartners liked the little girl brought a toy by her parents.,amb,reduced,brought,girl,kindergartners
1,The kindergartners liked the little girl who was brought a toy by her parents.,amb,unreduced,brought,girl,kindergartners
1,The kindergartners liked the little girl chosen a toy by her parents.,unamb,reduced,chosen,girl,kindergartners
1,The kindergartners liked the little girl who was chosen a toy by her parents.,unamb,unreduced,chosen,girl,kindergartners
2,We saw a movie about an artist painted a picture by her father.,amb,reduced,painted,artist,movie
2,We saw a movie about an artist who was painted a picture by her father.,amb,unreduced,painted,artist,movie
2,We saw a movie about an artist drawn a picture by her father.,unamb,reduced,drawn,artist,movie
2,We saw a movie about an artist who was drawn a picture by her father.,unamb,unreduced,drawn,artist,movie
3,The health officials pounced on a restaurant sent a shipment of salmon by a company.,amb,reduced,sent,restaurant,officials
3,The health officials pounced on a restaurant which was sent a shipment of salmon by a company.,amb,unreduced,sent,restaurant,officials
3,The health officials pounced on a restaurant flown a shipment of salmon by a company.,unamb,reduced,flown,restaurant,officials
3,The health officials pounced on a restaurant which was flown a shipment of salmon by a company.,unamb,unreduced,flown,restaurant,officials
4,"At the dinner party, I met a man allowed the pleasure of eating sweets by his doctor.",amb,reduced,allowed,man,I
4,"At the dinner party, I met a man who was allowed the pleasure of eating sweets by his doctor.",amb,unreduced,allowed,man,I
4,"At the dinner party, I met a man forbidden the pleasure of eating sweets by his doctor.",unamb,reduced,forbidden,man,I
4,"At the dinner party, I met a man who was forbidden the pleasure of eating sweets by his doctor.",unamb,unreduced,forbidden,man,I
5,One expects a man told his sins by his own god to have tolerance for weaknesses in others.,amb,reduced,told,man,One
5,One expects a man who is told his sins by his own god to have tolerance for weaknesses in others.,amb,unreduced,told,man,One
5,One expects a man forgiven his sins by his own god to have tolerance for weaknesses in others.,unamb,reduced,forgiven,man,One
5,One expects a man who is forgiven his sins by his own god to have tolerance for weaknesses in others.,unamb,unreduced,forgiven,man,One
6,An elderly gentleman addressed the woman offered a beer by the hostess.,amb,reduced,offered,woman,gentleman
6,An elderly gentleman addressed the woman who was offered a beer by the hostess.,amb,unreduced,offered,woman,gentleman
6,An elderly gentleman addressed the woman given a beer by the hostess.,unamb,reduced,given,woman,gentleman
6,An elderly gentleman addressed the woman who was given a beer by the hostess.,unamb,unreduced,given,woman,gentleman
7,Balthazar praised the professor taught Swahili lessons by a graduate student.,amb,reduced,taught,professor,Balthazar
7,Balthazar praised the professor who was taught Swahili lessons by a graduate student.,amb,unreduced,taught,professor,Balthazar
7,Balthazar praised the professor given Swahili lessons by a graduate student.,unamb,reduced,given,professor,Balthazar
7,Balthazar praised the professor who was given Swahili lessons by a graduate student.,unamb,unreduced,given,professor,Balthazar
8,The manager watched a waiter served pea soup by a trainee.,amb,reduced,served,waiter,manager
8,The manager watched a waiter who was served pea soup by a trainee.,amb,unreduced,served,waiter,manager
8,The manager watched a waiter given pea soup by a trainee.,unamb,reduced,given,waiter,manager
8,The manager watched a waiter who was given pea soup by a trainee.,unamb,unreduced,given,waiter,manager
9,James entertained the children dyed Easter eggs by their teachers.,amb,reduced,dyed,children,James
9,James entertained the children who were dyed Easter eggs by their teachers.,amb,unreduced,dyed,children,James
9,James entertained the children hidden Easter eggs by their teachers.,unamb,reduced,hidden,children,James
9,James entertained the children who were hidden Easter eggs by their teachers.,unamb,unreduced,hidden,children,James
10,The foreman yelled at a carpenter cut a board by his buddy.,amb,reduced,cut,carpenter,foreman
10,The foreman yelled at a carpenter who was cut a board by his buddy.,amb,unreduced,cut,carpenter,foreman
10,The foreman yelled at a carpenter who was sawn a board by his buddy.,unamb,reduced,sawn,carpenter,foreman
10,The foreman yelled at a carpenter sawn a board by his buddy.,unamb,unreduced,sawn,carpenter,foreman
11,The preschool teacher congratulated the little boy knitted a hat by his grandmother.,amb,reduced,knitted,boy,teacher
11,The preschool teacher congratulated the little boy who was knitted a hat by his grandmother.,amb,unreduced,knitted,boy,teacher
11,The preschool teacher congratulated the little boy sewn a hat by his grandmother.,unamb,reduced,sewn,boy,teacher
11,The preschool teacher congratulated the little boy who was sewn a hat by his grandmother.,unamb,unreduced,sewn,boy,teacher
12,The janitor chatted with the young man rented an apartment by his uncle.,amb,reduced,rented,man,janitor
12,The janitor chatted with the young man who was rented an apartment by his uncle.,amb,unreduced,rented,man,janitor
12,The janitor chatted with the young man shown an apartment by his uncle.,unamb,reduced,shown,man,janitor
12,The janitor chatted with the young man who was shown an apartment by his uncle.,unamb,unreduced,shown,man,janitor
13,The nurse admonished a student nabbed a muffin by her friends.,amb,reduced,nabbed,student,nurse
13,The nurse admonished a student who was nabbed a muffin by her freinds.,amb,unreduced,nabbed,student,nurse
13,The nurse admonished a student stolen a muffin by her friends.,unamb,reduced,stolen,student,nurse
13,The nurse admonished a student who was stolen a muffin by her friends.,unamb,unreduced,stolen,student,nurse
14,The play centered around an innkeeper recited a verse by a travelling monk.,amb,reduced,recited,innerkeeper,play
14,The play centered around an innkeeper who was recited a verse by a travelling monk.,amb,unreduced,recited,innerkeeper,play
14,The play centered around an innkeeper sung a verse by a travelling monk.,unamb,reduced,sung,innerkeeper,play
14,The play centered around an innkeeper who was sung a verse by a travelling monk.,unamb,unreduced,sung,innerkeeper,play
15,The hotel owner questioned a guest brought a drink by the bellboy.,amb,reduced,brought,guest,owner
15,The hotel owner questioned a guest who was brought a drink by the bellboy.,amb,unreduced,brought,guest,owner
15,The hotel owner questioned a guest taken a drink by the bellboy.,unamb,reduced,taken,guest,owner
15,The hotel owner questioned a guest who was taken a drink by the bellboy.,unamb,unreduced,taken,guest,owner
16,The coach smiled at the player tossed a frisbee by the opposing team.,amb,reduced,tossed,player,coach
16,The coach smiled at the player who was tossed a frisbee by the opposing team.,amb,unreduced,tossed,player,coach
16,The coach smiled at the player thrown a frisbee by the opposing team.,unamb,reduced,thrown,player,coach
16,The coach smiled at the player who was thrown a frisbee by the opposing team.,unamb,unreduced,thrown,player,coach
17,The anthropologist interviewed a woman knitted a shawl by her mother.,amb,reduced,knitted,woman,anthropologist
17,The anthropologist interviewed a woman who was knitted a shawl by her mother.,amb,unreduced,knitted,woman,anthropologist
17,The anthropologist interviewed a woman who was woven a shawl by her mother.,unamb,reduced,woven,woman,anthropologist
17,The anthropologist interviewed a woman who was woven a shawl by her mother.,unamb,unreduced,woven,woman,anthropologist
18,The FBI questioned a congressman mailed a letter by the activist.,amb,reduced,mailed,congressman,FBI
18,The FBI questioned a congressman who was mailed a letter by the activist.,amb,unreduced,mailed,congressman,FBI
18,The FBI questioned a congressman written a letter by the activist.,unamb,reduced,written,congressman,FBI
18,The FBI questioned a congressman who was written a letter by the activist.,unamb,unreduced,written,congressman,FBI
19,The deliveryman teased the accountant saved a coupon by her boss.,amb,reduced,saved,accountant,deliveryman
19,The deliveryman teased the accountant who was saved a coupon by her boss.,amb,unreduced,saved,accountant,deliveryman
19,The deliveryman teased the accountant given a coupon by her boss.,unamb,reduced,given,accountant,deliveryman
19,The deliveryman teased the accountant who was given a coupon by her boss.,unamb,unreduced,given,accountant,deliveryman
20,The prophet spoke of a man planted a tree by his daughter.,amb,reduced,planted,man,prophet
20,The prophet spoke of a man who was planted a tree by his daughter.,amb,unreduced,planted,man,prophet
20,The prophet spoke of a man grown a tree by his daughter.,unamb,reduced,grown,man,prophet
20,The prophet spoke of a man who was grown a tree by his daughter.,unamb,unreduced,grown,man,prophet