﻿id,sentence,ambiguity,distractor,subject,reduction,crit
1,The man reminded us of the defendant examined the previous day by the lawyer from the other company.,amb,defendant,man,reduced,examined
1,The man reminded us of the defendant who was examined the previous day by the lawyer  from the other company.,amb,defendant,man,unreduced,examined
1,The man reminded us of the evidence examined the previous day by the lawyer from the other company.,unamb,evidence,man,reduced,examined
1,The man reminded us of the evidence that was examined the previous day by the lawyer from the other company.,unamb,evidence,man,unreduced,examined
2,The bandit talked remorsefully of the prisoner transported the whole way by the guards with horse whips and curry powder.,amb,prisoner,bandit,reduced,transported
2,The bandit talked remorsefully of the prisoner who was transported the whole way by the guards with horse whips and curry powder.,amb,prisoner,bandit,unreduced,transported
2,The bandit talked remorsefully of the gold transported the whole way by the guards with horse whips and curry powder.,unamb,gold,bandit,reduced,transported
2,The bandit talked remorsefully of the gold that was transported the whole way by the guards with horse whips and curry powder.,unamb,gold,bandit,unreduced,transported
3,The parents admired the teacher loved the very best by the class which came from the ghetto.,amb,teacher,parents,reduced,loved
3,The parents admired the teacher who was loved the very best by the class which came from the ghetto.,amb,teacher,parents,unreduced,loved
3,The parents admired the textbook loved the very best by the class which came from the ghetto.,unamb,textbook,parents,reduced,loved
3,The parents admired the textbook that was loved the very best by the class which came from the ghetto.,unamb,textbook,parents,unreduced,loved
4,The foreman worried about the workers lifted the whole way by the crane with the faltering engine.,amb,workers,foreman,reduced,lifted
4,The foreman worried about the workers who were lifted the whole way by the crane with the faltering engine.,amb,workers,foreman,unreduced,lifted
4,The foreman worried about the bricks lifted the whole way by the crane with the faltering engine.,unamb,bricks,foreman,reduced,lifted
4,The foreman worried about the bricks that were lifted the whole way by the crane with the faltering engine.,unamb,bricks,foreman,unreduced,lifted
5,The dean asked about the student graded the very lowest by the professor with a history of discriminating on the basis of nationality.,amb,student,dean,reduced,graded
5,The dean asked about the student who was graded the very lowest by the professor with a history of discriminating on the basis of nationality.,amb,student,dean,unreduced,graded
5,The dean asked about the paper graded the very lowest by the professor with a history of discriminating on the basis of nationality.,unamb,paper,dean,reduced,graded
5,The dean asked about the paper that was graded the very lowest by the professor with a history of discriminating on the basis of nationality.,unamb,paper,dean,unreduced,graded
6,The master of ceremonies discussed the contestant selected the third time by the judges who favored originality.,amb,contestant,master,reduced,selected
6,The master of ceremonies discussed the contestant who was selected the third time by the judges who favored originality.,amb,contestant,master,unreduced,selected
6,The master of ceremonies discussed the recipe selected the third time by the judges who favored originality.,unamb,recipe,master,reduced,selected
6,The master of ceremonies discussed the recipe that was selected the third time by the judges who favored originality.,unamb,recipe,master,unreduced,selected
7,The doctor spoke highly of the specialist requested the second time by the hospital with the new scanning machine.,amb,specialist,doctor,reduced,requested
7,The doctor spoke highly of the specialist who was requested the second time by the hospital with the new scanning machine.,amb,specialist,doctor,unreduced,requested
7,The doctor spoke highly of the equipment requested the second time by the hospital with the new scanning machine.,unamb,equipment,doctor,reduced,requested
7,The doctor spoke highly of the equipment that was requested the second time by the hospital with the new scanning machine.,unamb,equipment,doctor,unreduced,requested
8,The police took pictures of the thief identified the first night by the victim from the highrise when a cricket was chirping so loudly in the stairwell.,amb,thief,police,reduced,identiffied
8,The police took pictures of the thief who was identified the first night by the victim from the highrise when a cricket was chirping so loudly in the stairwell.,amb,thief,police,unreduced,identiffied
8,The police took pictures of the jewelry identified the first night by the victim from the highrise when a cricket was chirping so loudly in the stairwell.,unamb,jewelry,police,reduced,identiffied
8,The police took pictures of the jewelry that was identified the first night by the victim from the highrise when a cricket was chirping so loudly in the stairwell.,unamb,jewelry,police,unreduced,identiffied
9,The general thought about the soldier captured the previous day by the troops with pistols and bayonets.,amb,soldier,general,reduced,captured
9,The general thought about the soldier who was captured the previous day by the troops with pistols and bayonets.,amb,soldier,general,unreduced,captured
9,The general thought about the valley captured the previous day by the troops with pistols and bayonets.,unamb,valley,general,reduced,captured
9,The general thought about the valley that was captured the previous day by the troops with pistols and bayonets.,unamb,valley,general,unreduced,captured
10,The governor sent reinforcements to the troops attacked the previous week by the terrorists from the higher elevations.,amb,troops,governor,reduced,attacked
10,The governor sent reinforcements to the troops who were attacked the previous week by the terrorists from the higher elevations.,amb,troops,governor,unreduced,attacked
10,The governor sent reinforcements to the power plant attacked the previous week by the terrorists from the higher elevations.,unamb,plant,governor,reduced,attacked
10,The governor sent reinforcements to the power plant that was attacked the previous week by the terrorists from the higher elevations.,unamb,plant,governor,unreduced,attacked
11,The curator criticized the artist studied the previous term by the students from the university.,amb,artist,curator,reduced,studied
11,The curator criticized the artist who was studied the previous term by the students from the university.,amb,artist,curator,unreduced,studied
11,The curator criticized the painting studied the previous term by the students from the university.,unamb,painting,curator,reduced,studied
11,The curator criticized the painting that was studied the previous term by the students from the university.,unamb,painting,curator,unreduced,studied
12,The governess identified the boy described the first time by the lady with the turquoise earrings.,amb,boy,governess,reduced,described
12,The governess identified the boy who was described the first time by the lady with the turquoise earrings.,amb,boy,governess,unreduced,described
12,The governess identified the necklace described the first time by the lady with the turquoise earrings.,unamb,necklace,governess,reduced,described
12,The governess identified the necklace that was described the first time by the lady with the turquoise earrings.,unamb,necklace,governess,unreduced,described
13,Joseph forgot about the mailman expected the next day by the secretary in charge of public relations.,amb,mailman,Joseph,reduced,expected
13,Joseph forgot about the mailman who was expected the next day by the secretary in charge of public relations.,amb,mailman,Joseph,unreduced,expected
13,Joseph forgot about the package expected the next day by the secretary in charge of public relations.,unamb,package,Joseph,reduced,expected
13,Joseph forgot about the package that was expected the next day by the secretary in charge of public relations.,unamb,package,Joseph,unreduced,expected
14,The children were worried about the woman scratched the first day by the cat with the tawny fur.,amb,woman,children,reduced,scratched
14,The children were worried about the woman who was scratched the first day by the cat with the tawny fur.,amb,woman,children,unreduced,scratched
14,The children were worried about the sofa scratched the first day by the cat with the tawny fur.,unamb,sofa,children,reduced,scratched
14,The children were worried about the sofa that was scratched the first day by the cat with the tawny fur.,unamb,sofa,children,unreduced,scratched
15,The agent photographed the man recognized the previous day by the spy from the Russian intelligence bureau.,amb,man,agent,reduced,recognized
15,The agent photographed the man who was recognized the previous day by the spy from the Russian intelligence bureau.,amb,man,agent,unreduced,recognized
15,The agent photographed the van recognized the previous day by the spy from the Russian intelligence bureau.,unamb,van,agent,reduced,recognized
15,The agent photographed the van that was recognized the previous day by the spy from the Russian intelligence bureau.,unamb,van,agent,unreduced,recognized
16,The manager was concerned about the client observed the previous month by the agents from the government.,amb,client,manager,reduced,observed
16,The manager was concerned about the client who was observed the previous month by the agents from the government.,amb,client,manager,unreduced,observed
16,The manager was concerned about the account observed the previous month by the agents from the government.,unamb,account,manager,reduced,observed
16,The manager was concerned about the account that was observed the previous month by the agents from the government.,unamb,account,manager,unreduced,observed
17,The activist admired the speaker proposed the first time by the group from the IGC.,amb,speaker,activist,reduced,proposed
17,The activist admired the speaker who was proposed the first time by the group from the IGC.,amb,speaker,activist,unreduced,proposed
17,The activist admired the solution proposed the first time by the group from the IGC.,unamb,solution,activist,reduced,proposed
17,The activist admired the solution that was proposed the first time by the group from the IGC.,unamb,solution,activist,unreduced,proposed
18,The congresswoman was referring to the lawyer sent the first time by the governor of Mississippi.,amb,lawyer,congresswoman,reduced,sent
18,The congresswoman was referring to the lawyer who was sent the first time by the governor of Mississippi.,amb,lawyer,congresswoman,unreduced,sent
18,The congresswoman was referring to the package sent the first time by the governor of Mississippi.,unamb,package,congresswoman,reduced,sent
18,The congresswoman was referring to the package that was sent the first time by the governor of Mississippi.,unamb,package,congresswoman,unreduced,sent
19,The board was concerned about the students accepted the first year by the school for people with Downs Syndrome.,amb,students,board,reduced,accepted
19,The board was concerned about the students who were accepted the first year by the school for people with Downs Syndrome.,amb,students,board,unreduced,accepted
19,The board was concerned about the awards accepted the first year by the school for people with Downs Syndrome.,unamb,awards,board,reduced,accepted
19,The board was concerned about the awards that were accepted the first year by the school for people with Downs Syndrome.,unamb,awards,board,unreduced,accepted
20,The poet was looking for the woman sketched the most endearingly by the artist with the wooden shoes.,amb,woman,poet,reduced,sketched
20,The poet was looking for the woman who was sketched the most endearingly by the artist with the wooden shoes.,amb,woman,poet,unreduced,sketched
20,The poet was looking for the portrait sketched the most endearingly by the artist with the wooden shoes.,unamb,portrait,poet,reduced,sketched
20,The poet was looking for the portrait that was sketched the most endearingly by the artist with the wooden shoes.,unamb,portrait,poet,unreduced,sketched