﻿id,distractor,subject,verb,interference,grammaticality,sentence,crit,target,distractor
1,sing,sing,sing,int,gram,The runner who the driver sees during the commute every morning always waves to say hi.,sees,driver,runner
1,pl,sing,sing,unint,gram,The runners who the driver sees during the commute every morning always wave to say hi.,sees,driver,runners
1,sing,sing,pl,unint,ungram,The runner who the driver see during the commute every morning always waves to say hi.,see,driver,runner
1,pl,sing,pl,int,ungram,The runners who the driver see during the commute every morning always wave to say hi.,see,driver,runners
2,sing,sing,sing,int,gram,The industrialist who the activist criticizes always puts profit above concerns for the environment.,criticizes,activist,
2,pl,sing,sing,unint,gram,The industrialists who the activist criticizes always puts profit above concerns for the environment.,criticizes,activist,
2,sing,sing,pl,unint,ungram,The industrialist who the activist criticize always puts profit above concerns for the environment.,criticize,activist,
2,pl,sing,pl,int,ungram,The industrialists who the activist criticize always puts profit above concern for the environment.,criticize,activist,
3,sing,sing,sing,int,gram,The player who the coach likes the best is the one who always gets to practice on time.,likes,coach,
3,pl,sing,sing,unint,gram,The players who the coach likes the best are the ones who always gets to practice on time.,likes,coach,
3,sing,sing,pl,unint,ungram,The player who the coach like the best is the one who always gets to practice on time.,like,coach,
3,pl,sing,pl,int,ungram,The players who the coach like the best are the ones who always gets to practice on time.,like,coach,
4,sing,sing,sing,int,gram,The volunteer who the director relies on completely is dedicated to her work.,relies,director,
4,pl,sing,sing,unint,gram,The volunteers who the director relies on completely are dedicated to her work.,relies,director,
4,sing,sing,pl,unint,ungram,The volunteer who the director rely on completely is dedicated to her work.,rely,director,
4,pl,sing,pl,int,ungram,The volunteers who the director rely on completely are dedicated to her work.,rely,director,
5,sing,sing,sing,int,gram,The author who the librarian recommends for summer reading is very popular in India.,recommends,librarian,
5,pl,sing,sing,unint,gram,The authors who the librarian recommends for summer reading are very popular in India.,recommends,librarian,
5,sing,sing,pl,unint,ungram,The author who the librarian recommend for summer reading is very popular in India.,recommend,librarian,
5,pl,sing,pl,int,ungram,The authors who the librarian recommend for summer reading are very popular in India.,recommend,librarian,
6,sing,sing,sing,int,gram,The pilot who the smuggler employs in Brazil must be discreet and good at thinking fast.,employs,smuggler,
6,pl,sing,sing,unint,gram,The pilots who the smuggler employs in Brazil must be discreet and good at thinking fast.,employs,smuggler,
6,sing,sing,pl,unint,ungram,The pilot who the smuggler employ in Brazil must be discreet and good at thinking fast.,employ,smuggler,
6,pl,sing,pl,int,ungram,The pilots who the smuggler employ in Brazil must be discreet and good at thinking fast.,employ,smuggler,
7,sing,sing,sing,int,gram,The colleague who the researcher spends the most time with comes up with crazy but inventive ideas.,spends,researcher,
7,pl,sing,sing,unint,gram,The colleagues who the researcher spends the most time with come up with crazy but inventive ideas.,spends,researcher,
7,sing,sing,pl,unint,ungram,The colleague who the researcher spend the most time with comes up with crazy but inventive ideas.,spend,researcher,
7,pl,sing,pl,int,ungram,The colleagues who the researcher spend the most time with come up with crazy but inventive ideas.,spend,researcher,
8,sing,sing,sing,int,gram,The patient who the doctor checks on daily is undergoing an experimental treatment.,checks,doctor,
8,pl,sing,sing,unint,gram,The patients who the doctor checks on daily are undergoing an experimental treatment.,checks,doctor,
8,sing,sing,pl,unint,ungram,The patient who the doctor check on daily is undergoing an experimental treatment.,check,doctor,
8,pl,sing,pl,int,ungram,The patients who the doctor check on daily are undergoing an experimental treatment.,check,doctor,
9,sing,sing,sing,int,gram,The Marine who the officer wants to promote is always ready to risk his life for someone in need.,wants,officer,
9,pl,sing,sing,unint,gram,The Marines who the officer wants to promote are always ready to risk their lives for someone in need.,wants,officer,
9,sing,sing,pl,unint,ungram,The Marine who the officer want to promote is always ready to risk his life for someone in need.,want,officer,
9,pl,sing,pl,int,ungram,The Marines who the officer want to promote are always ready to risk their lives for someone in need.,want,officer,
10,sing,sing,sing,int,gram,The sculptor who the donor supports so generously has held several acclaimed exhibitions.,supports,donor,
10,pl,sing,sing,unint,gram,The sculptors who the donor supports so generously have held several acclaimed exhibitions.,supports,donor,
10,sing,sing,pl,unint,ungram,The sculptor who the donor support so generously has held several acclaimed exhibitions.,support,donor,
10,pl,sing,pl,int,ungram,The sculptors who the donor support so generously have held several acclaimed exhibitions.,support,donor,
11,sing,sing,sing,int,gram,The caterer who the hostess suggests to her friends is excellent but outrageously expensive.,suggests,hostess,
11,pl,sing,sing,unint,gram,The caterers who the hostess suggests to her friends are excellent but outrageously expensive.,suggests,hostess,
11,sing,sing,pl,unint,ungram,The caterer who the hostess suggest to her friends is excellent but outrageously expensive.,suggest,hostess,
11,pl,sing,pl,int,ungram,The caterers who the hostess suggest to her friends are excellent but outrageously expensive.,suggest,hostess,
12,sing,sing,sing,int,gram,The senator who the voter listens to patiently at all the local political events just never seems trustworthy.,listens,voter,
12,pl,sing,sing,unint,gram,The senators who the voter listens to patiently at all the local political events just never seem trustworthy.,listens,voter,
12,sing,sing,pl,unint,ungram,The senator who the voter listen to patiently at all the local political events just never seems trustworthy.,listen,voter,
12,pl,sing,pl,int,ungram,The senators who the voter listen to patiently at all the local political events just never seem trustworthy.,listen,voter,
13,sing,sing,sing,int,gram,The teenager who the farmer hires to pick fruit every summer usually works pretty hard.,hires,farmer,
13,pl,sing,sing,unint,gram,The teenagers who the farmer hires to pick fruit every summer usually work pretty hard.,hires,farmer,
13,sing,sing,pl,unint,ungram,The teenager who the farmer hire to pick fruit every summer usually works pretty hard.,hire,farmer,
13,pl,sing,pl,int,ungram,The teenagers who the farmer hire to pick fruit every summer usually work pretty hard.,hire,farmer,
14,sing,sing,sing,int,gram,The goalie who the fan holds the greatest confidence in is reliably calm under pressure.,holds,fan,
14,pl,sing,sing,unint,gram,The goalies who the fan holds the greatest confidence in are reliably calm under pressure.,holds,fan,
14,sing,sing,pl,unint,ungram,The goalie who the fan hold the greatest confidence in is reliably calm under pressure.,hold,fan,
14,pl,sing,pl,int,ungram,The goalies who the fan hold the greatest confidence in are reliably calm under pressure.,hold,fan,
15,sing,sing,sing,int,gram,The quarterback who the recruiter watches from the bleachers every weekend might win a lucrative contract.,watches,recruiter,
15,pl,sing,sing,unint,gram,The quarterbacks who the recruiter watches from the bleachers every weekend might win a lucrative contract.,watches,recruiter,
15,sing,sing,pl,unint,ungram,The quarterback who the recruiter watch from the bleachers every weekend might win a lucrative contract.,watch,recruiter,
15,pl,sing,pl,int,ungram,The quarterbacks who the recruiter watch from the bleachers every weekend might win a lucrative contract.,watch,recruiter,
16,sing,sing,sing,int,gram,The publicist who the politician uses during a crisis is expected to do damage control.,uses,politician,
16,pl,sing,sing,unint,gram,The publicists who the politician uses during a crisis are expected to do damage control.,uses,politician,
16,sing,sing,pl,unint,ungram,The publicist who the politician use during a crisis is expected to do damage control.,use,politician,
16,pl,sing,pl,int,ungram,The publicists who the politician use during a crisis are expected to do damage control.,use,politician,
17,sing,sing,sing,int,gram,The tenant who the landlord strongly disapproves of stays out late on weekends and never mows his lawn.,disapproves,landlord,
17,pl,sing,sing,unint,gram,The tenants who the landlord strongly disapproves of stay out late on weekends and never mow their lawn.,disapproves,landlord,
17,sing,sing,pl,unint,ungram,The tenant who the landlord strongly disapprove of stays out late on weekends and never mows his lawn.,disapprove,landlord,
17,pl,sing,pl,int,ungram,The tenants who the landlord strongly disapprove of stay out late on weekends and never mow their lawn.,disapprove,landlord,
18,sing,sing,sing,int,gram,The skateboarder who the kid admires passionately always signs autographs for fans.,admires,kid,
18,pl,sing,sing,unint,gram,The skateboarders who the kid admires passionately always sign autographs for fans.,admires,kid,
18,sing,sing,pl,unint,ungram,The skateboarder who the kid admire passionately always signs autographs for fans.,admire,kid,
18,pl,sing,pl,int,ungram,The skateboarders who the kid admire passionately always sign autographs for fans.,admire,kid,
19,sing,sing,sing,int,gram,The chef who the gourmet visits regularly always comes up with daring new recipes.,visits,gourmet,
19,pl,sing,sing,unint,gram,The chefs who the gourmet visits regularly always come up with daring new recipes.,visits,gourmet,
19,sing,sing,pl,unint,ungram,The chef who the gourmet visit regularly always comes up with daring new recipes.,visit,gourmet,
19,pl,sing,pl,int,ungram,The chefs who the gourmet visit regularly always come up with daring new recipes.,visit,gourmet,
20,sing,sing,sing,int,gram,The firefighter who the ranger keeps on hand during the summer months has special training in forest fires.,keeps,ranger,
20,pl,sing,sing,unint,gram,The firefighters who the ranger keeps on hand during the summer months have special training in forest fires.,keeps,ranger,
20,sing,sing,pl,unint,ungram,The firefighter who the ranger keep on hand during the summer months has special training in forest fires.,keep,ranger,
20,pl,sing,pl,int,ungram,The firefighters who the ranger keep on hand during the summer months have special training in forest fires.,keep,ranger,
21,sing,sing,sing,int,gram,The overseer who the worker distrusts the most has been firing anyone who mentions unions.,distrusts,worker,
21,pl,sing,sing,unint,gram,The overseers who the worker distrusts the most have been firing anyone who mentions unions.,distrusts,worker,
21,sing,sing,pl,unint,ungram,The overseer who the worker distrust the most has been firing anyone who mentions unions.,distrust,worker,
21,pl,sing,pl,int,ungram,The overseers who the worker distrust the most have been firing anyone who mentions unions.,distrust,worker,
22,sing,sing,sing,int,gram,The heiress who the bachelor pursues so relentlessly is clever and won't be easily fooled.,pursues,bachelor,
22,pl,sing,sing,unint,gram,The heiresses who the bachelor pursues so relentlessly are clever and won't be easily fooled.,pursues,bachelor,
22,sing,sing,pl,unint,ungram,The heiress who the bachelor pursue so relentlessly is clever and won't be easily fooled.,pursue,bachelor,
22,pl,sing,pl,int,ungram,The heiresses who the bachelor pursue so relentlessly are clever and won't be easily fooled.,pursue,bachelor,
23,sing,sing,sing,int,gram,The actor who the producer considers the safest bet is the one who has been around for a while.,considers,producer,
23,pl,sing,sing,unint,gram,The actors who the producer considers the safest bet are the one who have been around for a while.,considers,producer,
23,sing,sing,pl,unint,ungram,The actor who the producer consider the safest bet is the one who has been around for a while.,consider,producer,
23,pl,sing,pl,int,ungram,The actors who the producer consider the safest bet are the one who have been around for a while.,consider,producer,
24,sing,sing,sing,int,gram,The accountant who the administrator depends on to balance the books is very well paid.,depends,administrator,
24,pl,sing,sing,unint,gram,The accountants who the administrator depends on to balance the books are very well paid.,depends,administrator,
24,sing,sing,pl,unint,ungram,The accountant who the administrator depend on to balance the books is very well paid.,depend,administrator,
24,pl,sing,pl,int,ungram,The accountants who the administrator depend on to balance the books are very well paid.,depend,administrator,
25,sing,sing,sing,int,gram,The orphan who the nun tutors in algebra lost his parents in the ongoing civil war.,tutors,nun,
25,pl,sing,sing,unint,gram,The orphans who the nun tutors in algebra lost their parents in the ongoing civil war.,tutors,nun,
25,sing,sing,pl,unint,ungram,The orphan who the nun tutor in algebra lost his parents in the ongoing civil war.,tutor,nun,
25,pl,sing,pl,int,ungram,The orphans who the nun tutor in algebra lost their parents in the ongoing civil war.,tutor,nun,
26,sing,sing,sing,int,gram,The translator who the diplomat needs for communication was trying furiously to facilitate peace talks.,needs,diplomat,
26,pl,sing,sing,unint,gram,The translators who the diplomat needs for communication were trying furiously to facilitate peace talks.,needs,diplomat,
26,sing,sing,pl,unint,ungram,The translator who the diplomat need for communication was trying furiously to facilitate peace talks.,need,diplomat,
26,pl,sing,pl,int,ungram,The translators who the diplomat need for communication were trying furiously to facilitate peace talks.,need,diplomat,
27,sing,sing,sing,int,gram,The dancer who the host applauds so frequently has been performing since she was a young girls in Ecuador.,applauds,host,
27,pl,sing,sing,unint,gram,The dancers who the host applauds so frequently have been performing since they were young girls in Ecuador.,applauds,host,
27,sing,sing,pl,unint,ungram,The dancer who the host applaud so frequently has been performing since she was a young girls in Ecuador.,applaud,host,
27,pl,sing,pl,int,ungram,The dancers who the host applaud so frequently have been performing since they were young girls in Ecuador.,applaud,host,
28,sing,sing,sing,int,gram,The supervisor who the counselor reports to directly is supposed to provide advice and support.,reports,counselor,
28,pl,sing,sing,unint,gram,The supervisors who the counselor reports to directly are supposed to provide advice and support.,reports,counselor,
28,sing,sing,pl,unint,ungram,The supervisor who the counselor report to directly is supposed to provide advice and support.,report,counselor,
28,pl,sing,pl,int,ungram,The supervisors who the counselor report to directly are supposed to provide advice and support.,report,counselor,
29,sing,sing,sing,int,gram,The commentator who the viewer trusts the most has a very slick hairstyle.,trusts,viewer,
29,pl,sing,sing,unint,gram,The commentators who the viewer trusts the most have a very slick hairstyle.,trusts,viewer,
29,sing,sing,pl,unint,ungram,The commentator who the viewer trust the most has a very slick hairstyle.,trust,viewer,
29,pl,sing,pl,int,ungram,The commentators who the viewer trust the most have a very slick hairstyle.,trust,viewer,
30,sing,sing,sing,int,gram,The journalist who the editor appreciates the most always turns her stories in promptly.,appreciates,editor,
30,pl,sing,sing,unint,gram,The journalists who the editor appreciates the most always turn her stories in promptly.,appreciates,editor,
30,sing,sing,pl,unint,ungram,The journalist who the editor appreciate the most always turns her stories in promptly.,appreciate,editor,
30,pl,sing,pl,int,ungram,The journalists who the editor appreciate the most always turn her stories in promptly.,appreciate,editor,
31,sing,sing,sing,int,gram,The customer who the waitress hates the most is the one who complains about everything and leaves a lousy tip.,hates,waitress,
31,pl,sing,sing,unint,gram,The customers who the waitress hates the most are the ones who complain about everything and leave a lousy tip.,hates,waitress,
31,sing,sing,pl,unint,ungram,The customer who the waitress hate the most is the one who complains about everything and leaves a lousy tip.,hate,waitress,
31,pl,sing,pl,int,ungram,The customers who the waitress hate the most are the ones who complain about everything and leave a lousy tip.,hate,waitress,
32,sing,sing,sing,int,gram,The therapist who the survivor meets with weekly is trying to help her recover from her/their awful ordeal.,meets,survivor,
32,pl,sing,sing,unint,gram,The therapists who the survivor meets with weekly are trying to help them recover from her/their awful ordeal.,meets,survivor,
32,sing,sing,pl,unint,ungram,The therapist who the survivor meet with weekly is trying to help her recover from her/their awful ordeal.,meet,survivor,
32,pl,sing,pl,int,ungram,The therapists who the survivor meet with weekly are trying to help them recover from her/their awful ordeal.,meet,survivor,
33,sing,sing,sing,int,gram,The cheerleader who the choreographer works with usually trains all year for the national competition.,works,choreographer,
33,pl,sing,sing,unint,gram,The cheerleaders who the choreographer works with usually train all year for the national competition.,works,choreographer,
33,sing,sing,pl,unint,ungram,The cheerleader who the choreographer work with usually trains all year for the national competition.,work,choreographer,
33,pl,sing,pl,int,ungram,The cheerleaders who the choreographer work with usually train all year for the national competition.,work,choreographer,
34,sing,sing,sing,int,gram,The cowboy who the rancher knows the best has thirty years of experience on the range.,knows,rancher,
34,pl,sing,sing,unint,gram,The cowboys who the rancher knows the best have thirty years of experience on the range.,knows,rancher,
34,sing,sing,pl,unint,ungram,The cowboy who the rancher know the best has thirty years of experience on the range.,know,rancher,
34,pl,sing,pl,int,ungram,The cowboys who the rancher know the best have thirty years of experience on the range.,know,rancher,
35,sing,sing,sing,int,gram,The surgeon who the nurse prefers most to assist has an impeccable record in the operating room.,prefers,nurse,
35,pl,sing,sing,unint,gram,The surgeons who the nurse prefers most to assist have an impeccable record in the operating room.,prefers,nurse,
35,sing,sing,pl,unint,ungram,The surgeon who the nurse prefer most to assist has an impeccable record in the operating room.,prefer,nurse,
35,pl,sing,pl,int,ungram,The surgeons who the nurse prefer most to assist have an impeccable record in the operating room.,prefer,nurse,
36,sing,sing,sing,int,gram,The bartender who the patron gossips with after work always has new stories to tell.,gossips,patron,
36,pl,sing,sing,unint,gram,The bartenders who the patron gossips with after work always have new stories to tell.,gossips,patron,
36,sing,sing,pl,unint,ungram,The bartender who the patron gossip with after work always has new stories to tell.,gossip,patron,
36,pl,sing,pl,int,ungram,The bartenders who the patron gossip with after work always have new stories to tell.,gossip,patron,
37,sing,sing,sing,int,gram,The columnist who the reader complains about frequently gives extreme opinions without backing them up.,complains,reader,
37,pl,sing,sing,unint,gram,The columnists who the reader complains about frequently give extreme opinions without backing them up.,complains,reader,
37,sing,sing,pl,unint,ungram,The columnist who the reader complain about frequently gives extreme opinions without backing them up.,complain,reader,
37,pl,sing,pl,int,ungram,The columnists who the reader complain about frequently give extreme opinions without backing them up.,complain,reader,
38,sing,sing,sing,int,gram,The anthropologist who the villager respects the most has taken great pains to learn the local customs.,respects,villager,
38,pl,sing,sing,unint,gram,The anthropologists who the villager respects the most have taken great pains to learn the local customs.,respects,villager,
38,sing,sing,pl,unint,ungram,The anthropologist who the villager respect the most has taken great pains to learn the local customs.,respect,villager,
38,pl,sing,pl,int,ungram,The anthropologists who the villager respect the most have taken great pains to learn the local customs.,respect,villager,
39,sing,sing,sing,int,gram,The bricklayer who the contractor assigns to important projects often doesn't show up on time.,assigns,contractor,
39,pl,sing,sing,unint,gram,The bricklayers who the contractor assigns to important projects often don't show up on time.,assigns,contractor,
39,sing,sing,pl,unint,ungram,The bricklayer who the contractor assign to important projects often doesn't show up on time.,assign,contractor,
39,pl,sing,pl,int,ungram,The bricklayers who the contractor assign to important projects often don't show up on time.,assign,contractor,
40,sing,sing,sing,int,gram,The comedian who the prisoner finds so entertaining can find humor in the worst situations.,finds,prisoner,
40,pl,sing,sing,unint,gram,The comedians who the prisoner finds so entertaining can find humor in the worst situations.,finds,prisoner,
40,sing,sing,pl,unint,ungram,The comedian who the prisoner find so entertaining can find humor in the worst situations.,find,prisoner,
40,pl,sing,pl,int,ungram,The comedians who the prisoner find so entertaining can find humor in the worst situations.,find,prisoner,
41,sing,sing,sing,int,gram,The judge who the criminal fears the most hands down tough sentences for minor offenses.,fears,criminal,
41,pl,sing,sing,unint,gram,The judges who the criminal fears the most hand down tough sentences for minor offenses.,fears,criminal,
41,sing,sing,pl,unint,ungram,The judge who the criminal fear the most hands down tough sentences for minor offenses.,fear,criminal,
41,pl,sing,pl,int,ungram,The judges who the criminal fear the most hand down tough sentences for minor offenses.,fear,criminal,
42,sing,sing,sing,int,gram,The student who the bully teases during lunch is too afraid to tell the teachers.,teases,bully,
42,pl,sing,sing,unint,gram,The students who the bully teases during lunch iare too afraid to tell the teachers.,teases,bully,
42,sing,sing,pl,unint,ungram,The student who the bully tease during lunch is too afraid to tell the teachers.,tease,bully,
42,pl,sing,pl,int,ungram,The students who the bully tease during lunch iare too afraid to tell the teachers.,tease,bully,
43,sing,sing,sing,int,gram,The philosopher who the scientist discusses during the radio program rarely expresses his ideas in plain language.,discusses,scientist,
43,pl,sing,sing,unint,gram,The philosophers who the scientist discusses during the radio program rarely express their ideas in plain language.,discusses,scientist,
43,sing,sing,pl,unint,ungram,The philosopher who the scientist discuss during the radio program rarely expresses his ideas in plain language.,discuss,scientist,
43,pl,sing,pl,int,ungram,The philosophers who the scientist discuss during the radio program rarely express their ideas in plain language.,discuss,scientist,
44,sing,sing,sing,int,gram,The lawyer who the candidate consults every morning tells him what campaign money he is allowed to accept.,consults,candidate,
44,pl,sing,sing,unint,gram,The lawyers who the candidate consults every morning tell him what campaign money they are allowed to accept.,consults,candidate,
44,sing,sing,pl,unint,ungram,The lawyer who the candidate consult every morning tells him what campaign money he is allowed to accept.,consult,candidate,
44,pl,sing,pl,int,ungram,The lawyers who the candidate consult every morning tell him what campaign money they are allowed to accept.,consult,candidate,
45,sing,sing,sing,int,gram,The musician who the reviewer praises so highly will probably win a Grammy.,priases,reviewer,
45,pl,sing,sing,unint,gram,The musicians who the reviewer praises so highly will probably win a Grammy.,priases,reviewer,
45,sing,sing,pl,unint,ungram,The musician who the reviewer praise so highly will probably win a Grammy.,priase,reviewer,
45,pl,sing,pl,int,ungram,The musicians who the reviewer praise so highly will probably win a Grammy.,priase,reviewer,
46,sing,sing,sing,int,gram,The receptionist who the boss gives the biggest projects never fails to do a stellar job.,gives,boss,
46,pl,sing,sing,unint,gram,The receptionists who the boss gives the biggest projects never fail to do a stellar job.,gives,boss,
46,sing,sing,pl,unint,ungram,The receptionist who the boss give the biggest projects never fails to do a stellar job.,give,boss,
46,pl,sing,pl,int,ungram,The receptionists who the boss give the biggest projects never fail to do a stellar job.,give,boss,
47,sing,sing,sing,int,gram,The actress who the designer creates award show dresses for is extremely fickle and demanding.,creates,designer,
47,pl,sing,sing,unint,gram,The actresses who the designer creates award show dresses for are extremely fickle and demanding.,creates,designer,
47,sing,sing,pl,unint,ungram,The actress who the designer create award show dresses for is extremely fickle and demanding.,create,designer,
47,pl,sing,pl,int,ungram,The actresses who the designer create award show dresses for are extremely fickle and demanding.,create,designer,
48,sing,sing,sing,int,gram,The programmer who the manager oversees at the software firm is eccentric and difficult to control.,oversees,manager,
48,pl,sing,sing,unint,gram,The programmers who the manager oversees at the software firm are eccentric and difficult to control.,oversees,manager,
48,sing,sing,pl,unint,ungram,The programmer who the manager oversee at the software firm is eccentric and difficult to control.,oversee,manager,
48,pl,sing,pl,int,ungram,The programmers who the manager oversee at the software firm are eccentric and difficult to control.,oversee,manager,